Name,Email,Company,Industry,Position
John Smith,john.smith@techcorp.com,TechCorp Industries,Technology,CEO
Sarah Johnson,sarah.j@innovate.io,Innovate Solutions,Software,CTO
Michael Brown,m.brown@datatech.com,DataTech Analytics,Data Science,VP Engineering
Emily Davis,emily.davis@cloudserv.com,CloudServ Inc,Cloud Computing,Product Manager
David Wilson,d.wilson@aiventures.com,AI Ventures,Artificial Intelligence,Lead Developer
Jennifer Martinez,jennifer.m@webdesign.co,WebDesign Co,Design,Creative Director
Robert Taylor,robert.t@consulting.biz,Taylor Consulting,Business Consulting,Senior Consultant
Lisa Anderson,lisa.a@marketing.pro,Marketing Pro,Digital Marketing,Marketing Director
James Thomas,james.thomas@finance.com,FinanceCorp,Finance,Financial Analyst
Mary Jackson,mary.jackson@healthcare.org,HealthCare Plus,Healthcare,Operations Manager
